[
  {
    "outputFileName": "wwwroot/css/thirdparty.bundle.css",
    "inputFiles": [
      "node_modules/jquery-ui-dist/jquery-ui.min.css",
      "node_modules/bootstrap/dist/css/bootstrap.min.css",
    ],
    "minify": {
      "enabled": false,
      "adjustRelativePaths": false
    }
  },
  {
    "outputFileName": "wwwroot/css/dx-reporting-skeleton-screen.css",
    "inputFiles": [
      "node_modules/devexpress-reporting/dist/css/dx-reporting-skeleton-screen.css"
    ],
    "minify": {
      "enabled": false,
      "adjustRelativePaths": false
    }
  },
  {
    "outputFileName": "wwwroot/css/viewer.part.bundle.css",
    "inputFiles": [
        "node_modules/devextreme/dist/css/dx.common.css",
        "node_modules/devextreme/dist/css/dx.light.css",
        "node_modules/@devexpress/analytics-core/dist/css/dx-analytics.common.css",
        "node_modules/@devexpress/analytics-core/dist/css/dx-analytics.light.css",
        "node_modules/devexpress-reporting/dist/css/dx-webdocumentviewer.css"
    ],
    "minify": {
      "enabled": false,
      "adjustRelativePaths": false
    }
  },
  {
    "outputFileName": "wwwroot/js/site.thirdparty.bundle.js",
    "inputFiles": [
      "node_modules/jquery/dist/jquery.min.js",
      "node_modules/bootstrap/dist/js/bootstrap.min.js"
    ],
    "minify": {
      "enabled": false
    },
    "sourceMap": false
  },
  {
    "outputFileName": "wwwroot/js/reporting.thirdparty.bundle.js",
    "inputFiles": [
      "node_modules/jquery-ui-dist/jquery-ui.min.js",
      "node_modules/knockout/build/output/knockout-latest.js",
      "node_modules/cldrjs/dist/cldr.js",
      "node_modules/cldrjs/dist/cldr/event.js",
      "node_modules/cldrjs/dist/cldr/supplemental.js",
      "node_modules/cldrjs/dist/cldr/unresolved.js",
      "node_modules/globalize/dist/globalize.js",
      "node_modules/globalize/dist/globalize/message.js",
      "node_modules/globalize/dist/globalize/number.js",
      "node_modules/globalize/dist/globalize/currency.js",
      "node_modules/globalize/dist/globalize/date.js",

      "node_modules/ace-builds/src-min-noconflict/ace.js",
      "node_modules/ace-builds/src-min-noconflict/ext-language_tools.js",
      "node_modules/ace-builds/src-min-noconflict/theme-dreamweaver.js",
      "node_modules/ace-builds/src-min-noconflict/theme-ambiance.js",
      "node_modules/ace-builds/src-min-noconflict/snippets/text.js"
      ],
    "minify": {
      "enabled": false
    },
    "sourceMap": false
  },
  {
    "outputFileName": "wwwroot/js/viewer.part.bundle.js",
    "inputFiles": [
      "node_modules/devextreme/dist/js/dx.all.js",
      "node_modules/@devexpress/analytics-core/dist/js/dx-analytics-core.min.js",
      "node_modules/devexpress-reporting/dist/js/dx-webdocumentviewer.min.js"
      ],
    "minify": {
      "enabled": false
    },
    "sourceMap": false
  },

]